<?xml version="1.0" encoding="utf-16"?>
<IRS941>
    <EmployeeCnt>10</EmployeeCnt>
    <WagesAmt>33594</WagesAmt>
    <FederalIncomeTaxWithheldAmt>3576</FederalIncomeTaxWithheldAmt>
    <WagesNotSubjToSSMedcrTaxInd>false</WagesNotSubjToSSMedcrTaxInd>
    <SocialSecurityWageAndTaxGrp>
        <SocialSecurityTaxCashWagesAmt>33594</SocialSecurityTaxCashWagesAmt>
        <SocialSecurityTaxAmt>4165</SocialSecurityTaxAmt>
    </SocialSecurityWageAndTaxGrp>
    <SocialSecurityTipsAndTaxGrp>
        <TaxableSocSecTipsAmt>0</TaxableSocSecTipsAmt>
        <TaxOnSocialSecurityTipsAmt>0</TaxOnSocialSecurityTipsAmt>
    </SocialSecurityTipsAndTaxGrp>
    <MedicareWageTipsAndTaxGrp>
        <TaxableMedicareWagesTipsAmt>33594</TaxableMedicareWagesTipsAmt>
        <TaxOnMedicareWagesTipsAmt>974.23</TaxOnMedicareWagesTipsAmt>
    </MedicareWageTipsAndTaxGrp>
    <AddnlMedicareWageTipsAndTaxGrp>
        <TxblWageTipsSubjAddnlMedcrAmt>0</TxblWageTipsSubjAddnlMedcrAmt>
        <TaxOnWageTipsSubjAddnlMedcrAmt>0</TaxOnWageTipsSubjAddnlMedcrAmt>
    </AddnlMedicareWageTipsAndTaxGrp>
    <TotalSSMdcrTaxAmt>5139.89</TotalSSMdcrTaxAmt>
    <TaxOnUnreportedTips3121qAmt>0</TaxOnUnreportedTips3121qAmt>
    <TotalTaxBeforeAdjustmentAmt>8715.89</TotalTaxBeforeAdjustmentAmt>
    <CurrentQtrFractionsCentsAmt>0</CurrentQtrFractionsCentsAmt>
    <CurrentQuarterSickPaymentAmt>0</CurrentQuarterSickPaymentAmt>
    <CurrQtrTipGrpTermLifeInsAdjAmt>0</CurrQtrTipGrpTermLifeInsAdjAmt>
    <TotalTaxAfterAdjustmentAmt>8715.89</TotalTaxAfterAdjustmentAmt>
    <PayrollTaxCreditAmt>0</PayrollTaxCreditAmt>
    <TotalTaxAmt>8715.89</TotalTaxAmt>
    <TotalTaxDepositAmt>9000</TotalTaxDepositAmt>
    <BalanceDueAmt>0</BalanceDueAmt>
    <OverpaymentGrp>
        <OverpaidAmt>284.11</OverpaidAmt>
        <ApplyOverpaymentNextReturnInd>false</ApplyOverpaymentNextReturnInd>
        <RefundOverpaymentInd>true</RefundOverpaymentInd>
    </OverpaymentGrp>
    <TotalTaxLessThanLimitAmtInd>TaxDueLessThan2500</TotalTaxLessThanLimitAmtInd>
    <MonthlyScheduleDepositorGrp>
        <MonthlyScheduleDepositorInd>0</MonthlyScheduleDepositorInd>
        <TaxLiabilityMonth1Amt>0</TaxLiabilityMonth1Amt>
        <TaxLiabilityMonth2Amt>0</TaxLiabilityMonth2Amt>
        <TaxLiabilityMonth3Amt>0</TaxLiabilityMonth3Amt>
        <TotalQuarterTaxLiabilityAmt>0</TotalQuarterTaxLiabilityAmt>
    </MonthlyScheduleDepositorGrp>
    <SemiweeklyScheduleDepositorInd>true</SemiweeklyScheduleDepositorInd>
    <BusinessClosedGrp>
        <FutureFilingNotRequiredInd>false</FutureFilingNotRequiredInd>
        <FinalWagesPaidDt></FinalWagesPaidDt>
    </BusinessClosedGrp>
    <SeasonalEmployerInd>False</SeasonalEmployerInd>
</IRS941>