<?xml version="1.0" encoding="utf-16"?>
<IRS941>
    <EmployeeCnt>3</EmployeeCnt>
    <WagesAmt>1000</WagesAmt>
    <FederalIncomeTaxWithheldAmt>100</FederalIncomeTaxWithheldAmt>
    <WagesNotSubjToSSMedcrTaxInd>false</WagesNotSubjToSSMedcrTaxInd>
    <SocialSecurityWageAndTaxGrp>
        <SocialSecurityTaxCashWagesAmt>1000</SocialSecurityTaxCashWagesAmt>
        <SocialSecurityTaxAmt>124</SocialSecurityTaxAmt>
    </SocialSecurityWageAndTaxGrp>
    <SocialSecurityTipsAndTaxGrp>
        <TaxableSocSecTipsAmt>0</TaxableSocSecTipsAmt>
        <TaxOnSocialSecurityTipsAmt>0</TaxOnSocialSecurityTipsAmt>
    </SocialSecurityTipsAndTaxGrp>
    <MedicareWageTipsAndTaxGrp>
        <TaxableMedicareWagesTipsAmt>1000</TaxableMedicareWagesTipsAmt>
        <TaxOnMedicareWagesTipsAmt>29</TaxOnMedicareWagesTipsAmt>
    </MedicareWageTipsAndTaxGrp>
    <AddnlMedicareWageTipsAndTaxGrp>
        <TxblWageTipsSubjAddnlMedcrAmt>0</TxblWageTipsSubjAddnlMedcrAmt>
        <TaxOnWageTipsSubjAddnlMedcrAmt>0</TaxOnWageTipsSubjAddnlMedcrAmt>
    </AddnlMedicareWageTipsAndTaxGrp>
    <TotalSSMdcrTaxAmt>153</TotalSSMdcrTaxAmt>
    <TaxOnUnreportedTips3121qAmt>0</TaxOnUnreportedTips3121qAmt>
    <TotalTaxBeforeAdjustmentAmt>253</TotalTaxBeforeAdjustmentAmt>
    <CurrentQtrFractionsCentsAmt>0</CurrentQtrFractionsCentsAmt>
    <CurrentQuarterSickPaymentAmt>0</CurrentQuarterSickPaymentAmt>
    <CurrQtrTipGrpTermLifeInsAdjAmt>0</CurrQtrTipGrpTermLifeInsAdjAmt>
    <TotalTaxAfterAdjustmentAmt>253</TotalTaxAfterAdjustmentAmt>
    <PayrollTaxCreditAmt>0</PayrollTaxCreditAmt>
    <TotalTaxAmt>253</TotalTaxAmt>
    <TotalTaxDepositAmt>253</TotalTaxDepositAmt>
    <BalanceDueAmt>0</BalanceDueAmt>
    <OverpaymentGrp>
        <OverpaidAmt>0</OverpaidAmt>
        <ApplyOverpaymentNextReturnInd>false</ApplyOverpaymentNextReturnInd>
        <RefundOverpaymentInd>false</RefundOverpaymentInd>
    </OverpaymentGrp>
    <TotalTaxLessThanLimitAmtInd>true</TotalTaxLessThanLimitAmtInd>
    <MonthlyScheduleDepositorGrp>
        <MonthlyScheduleDepositorInd>true</MonthlyScheduleDepositorInd>
        <TaxLiabilityMonth1Amt>0</TaxLiabilityMonth1Amt>
        <TaxLiabilityMonth2Amt>0</TaxLiabilityMonth2Amt>
        <TaxLiabilityMonth3Amt>0</TaxLiabilityMonth3Amt>
    </MonthlyScheduleDepositorGrp>
    <SemiweeklyScheduleDepositorInd>false</SemiweeklyScheduleDepositorInd>
    <BusinessClosedGrp>
        <FutureFilingNotRequiredInd>false</FutureFilingNotRequiredInd>
        <FinalWagesPaidDt>03/31/2025</FinalWagesPaidDt>
    </BusinessClosedGrp>
    <SeasonalEmployerInd>False</SeasonalEmployerInd>
</IRS941>