<?xml version="1.0" encoding="utf-16"?>
<IRS941>
    <EmployeeCnt>20</EmployeeCnt>
    <WagesAmt>10200</WagesAmt>
    <FederalIncomeTaxWithheldAmt>1200</FederalIncomeTaxWithheldAmt>
    <WagesNotSubjToSSMedcrTaxInd>false</WagesNotSubjToSSMedcrTaxInd>
    <SocialSecurityWageAndTaxGrp>
        <SocialSecurityTaxCashWagesAmt>10200</SocialSecurityTaxCashWagesAmt>
        <SocialSecurityTaxAmt>1264.80</SocialSecurityTaxAmt>
    </SocialSecurityWageAndTaxGrp>
    <SocialSecurityTipsAndTaxGrp>
        <TaxableSocSecTipsAmt>0</TaxableSocSecTipsAmt>
        <TaxOnSocialSecurityTipsAmt>0</TaxOnSocialSecurityTipsAmt>
    </SocialSecurityTipsAndTaxGrp>
    <MedicareWageTipsAndTaxGrp>
        <TaxableMedicareWagesTipsAmt>10200</TaxableMedicareWagesTipsAmt>
        <TaxOnMedicareWagesTipsAmt>295.80</TaxOnMedicareWagesTipsAmt>
    </MedicareWageTipsAndTaxGrp>
    <AddnlMedicareWageTipsAndTaxGrp>
        <TxblWageTipsSubjAddnlMedcrAmt>0</TxblWageTipsSubjAddnlMedcrAmt>
        <TaxOnWageTipsSubjAddnlMedcrAmt>0</TaxOnWageTipsSubjAddnlMedcrAmt>
    </AddnlMedicareWageTipsAndTaxGrp>
    <TotalSSMdcrTaxAmt>1560.60</TotalSSMdcrTaxAmt>
    <TaxOnUnreportedTips3121qAmt>0</TaxOnUnreportedTips3121qAmt>
    <TotalTaxBeforeAdjustmentAmt>2760.60</TotalTaxBeforeAdjustmentAmt>
    <CurrentQtrFractionsCentsAmt>0</CurrentQtrFractionsCentsAmt>
    <CurrentQuarterSickPaymentAmt>0</CurrentQuarterSickPaymentAmt>
    <CurrQtrTipGrpTermLifeInsAdjAmt>0</CurrQtrTipGrpTermLifeInsAdjAmt>
    <TotalTaxAfterAdjustmentAmt>2760</TotalTaxAfterAdjustmentAmt>
    <PayrollTaxCreditAmt>500.04</PayrollTaxCreditAmt>
    <TotalTaxAmt>2260.56</TotalTaxAmt>
    <TotalTaxDepositAmt>2760.60</TotalTaxDepositAmt>
    <BalanceDueAmt>0</BalanceDueAmt>
    <OverpaymentGrp>
        <OverpaidAmt>500.04</OverpaidAmt>
        <ApplyOverpaymentNextReturnInd>false</ApplyOverpaymentNextReturnInd>
        <RefundOverpaymentInd>true</RefundOverpaymentInd>
    </OverpaymentGrp>
    <TotalTaxLessThanLimitAmtInd>true</TotalTaxLessThanLimitAmtInd>
    <MonthlyScheduleDepositorGrp>
        <MonthlyScheduleDepositorInd>false</MonthlyScheduleDepositorInd>
        <TaxLiabilityMonth1Amt>0</TaxLiabilityMonth1Amt>
        <TaxLiabilityMonth2Amt>0</TaxLiabilityMonth2Amt>
        <TaxLiabilityMonth3Amt>0</TaxLiabilityMonth3Amt>
    </MonthlyScheduleDepositorGrp>
    <SemiweeklyScheduleDepositorInd>false</SemiweeklyScheduleDepositorInd>
    <BusinessClosedGrp>
        <FutureFilingNotRequiredInd>false</FutureFilingNotRequiredInd>
        <FinalWagesPaidDt></FinalWagesPaidDt>
    </BusinessClosedGrp>
    <SeasonalEmployerInd>False</SeasonalEmployerInd>
</IRS941>